255.3,10000,100,202.5
255.3,10000,90,199.9
255.3,10000,80,195.4
255.3,10000,70,186.4
255.3,10000,60,173.2
278.3,10000,100,198.9
278.3,10000,90,196.7
278.3,10000,80,193.8
278.3,10000,70,189.2
278.3,10000,60,179.8
278.3,10000,50,165.1
278.3,10000,40,146.7
264.3,10000,100,237.5
264.3,10000,90,232.7
264.3,10000,80,230.6
264.3,10000,70,228.2
264.3,10000,60,224.3
264.3,10000,50,209.9
250.3,10000,100,252.7
250.3,10000,90,248.2
250.3,10000,80,244.3
250.3,10000,70,241.2
250.3,10000,60,238.3
250.3,10000,50,233.6
250.3,10000,40,217.9
255.3,118000,0,202.5
255.3,118000,10,200.7
255.3,118000,20,200
255.3,118000,30,195.8
255.3,118000,40,191.4
255.3,118000,50,183.8
255.3,118000,60,170.1
278.3,118000,0,198.9
278.3,118000,10,197.8
278.3,118000,20,196.2
278.3,118000,30,193.6
278.3,118000,40,189.7
278.3,118000,50,183.7
278.3,118000,60,173.8
278.3,118000,70,165.4
264.3,118000,0,237.5
264.3,118000,10,233.8
264.3,118000,20,231.9
264.3,118000,30,230.2
264.3,118000,40,228.2
264.3,118000,50,224.2
264.3,118000,60,214.6
264.3,118000,70,201.8
250.3,118000,0,252.7
250.3,118000,10,247.2
250.3,118000,20,244
250.3,118000,30,242
250.3,118000,40,240
250.3,118000,50,237.7
250.3,118000,60,234.1
250.3,118000,70,227.1
206.3,118000,56.5,30
206.3,118000,56.2,40.1
206.3,118000,58.8,50
206.3,118000,59.9,63.8
206.3,118000,70,68.4
206.3,118000,80,74.3
206.3,118000,89.9,76
206.3,118000,100,77.8
230.3,118000,30,53.5
230.3,118000,40,96.1
230.3,118000,50,122
230.3,118000,60.2,135.3
230.3,118000,80,152.5
230.3,118000,100,159.4
151.2,118000,39.9,123.3
151.2,118000,50,145.2
151.2,118000,60,155.6
151.2,118000,79.9,167.1
151.2,118000,100,171.7
705.6,118000,30.1,151
705.6,118000,39.9,155
705.6,118000,60,163.1
705.6,118000,79.9,164.8
705.6,118000,100,167.7
228.3,118000,20,166
228.3,118000,29.9,184.4
228.3,118000,39.9,186.7
228.3,118000,60,194.8
228.3,118000,79.9,197.1
228.3,118000,100,198.3
230.3,57500,49.9,115
230.3,57500,60.1,128.6
230.3,57500,90,154.1
230.3,57500,100,159.1
151.2,57500,49.9,135.9
151.2,57500,59.9,150.9
151.2,57500,70.1,162.3
151.2,57500,80,166.8
151.2,57500,90,171.8
151.2,57500,100,171.8
346.3,57500,31.9,139.5
346.3,57500,40.6,151.8
346.3,57500,61.1,161.8
346.3,57500,80.3,170.5
346.3,57500,100,173.2
705.6,57500,20,135.9
705.6,57500,39.9,155.9
705.6,57500,60.1,162.7
705.6,57500,80,165
705.6,57500,100,167.7
228.3,57500,20,166.8
228.3,57500,29.9,175
228.3,57500,39.9,179.1
228.3,57500,59.9,188.2
228.3,57500,80,197.7
228.3,57500,100,196.8
182.2,222.3,5,88.2
182.2,222.3,9.9,112.8
182.2,222.3,14.9,123.2
182.2,222.3,20.1,135.1
182.2,222.3,29.8,149.4
182.2,222.3,49.9,165.3
182.2,222.3,80.1,174.9
182.2,222.3,100,175.7
182.2,8000,16.5,126.4
182.2,8000,21.7,135.1
182.2,8000,32.9,154.2
182.2,8000,43.3,163.8
182.2,8000,53,170.1
182.2,8000,62.9,172.5
182.2,8000,82.3,174.1
182.2,8000,100,174.9
182.2,2500,15.8,125.6
182.2,2500,21,137.5
182.2,2500,31.2,156.6
182.2,2500,51.3,170.1
182.2,2500,80.9,174.1
182.2,2500,100,174.1
357.8,2500,61.4,106.4
357.8,2500,71,131.1
357.8,2500,80.8,149.2
357.8,2500,100,160.1
357.8,31000,62.1,111.6
357.8,31000,71.7,133.2
357.8,31000,100,159.6
357.8,57500,41.4,103.8
357.8,57500,51.4,109.9
357.8,57500,61.2,129.8
357.8,57500,71,144.9
357.8,57500,80.8,154.9
357.8,57500,100,160.1
357.8,83000,10.3,104.3
357.8,83000,20.6,122
357.8,83000,30.4,134.1
357.8,83000,40.4,142.3
357.8,83000,60.7,153.6
357.8,83000,100,160.5
346.3,2500,30.9,108.7
346.3,2500,41.2,119.8
346.3,2500,51.1,140.2
346.3,2500,61.1,154.1
346.3,2500,100,172.1
346.3,57500,30.9,120.3
346.3,57500,41.5,130.9
346.3,57500,51.1,150.8
346.3,57500,61.1,161.5
346.3,57500,80.8,169.8
346.3,57500,100,172.6
346.3,83000,9.8,118
346.3,83000,20.1,139.7
346.3,83000,30.2,154.1
346.3,83000,40.3,159.2
346.3,83000,50.4,164.7
346.3,83000,80.3,171.2
346.3,83000,100,173.1
323.1,10000,90,144.5
323.1,10000,85,138.7
323.1,10000,8,130.8
323.1,10000,75,119.2
323.1,10000,70,95.5
323.1,40000,90,148.5
323.1,40000,85,147.2
323.1,40000,8,144.3
323.1,40000,75,140.1
323.1,40000,70,135.6
323.1,40000,65,130.6
323.1,118000,90,147.2
323.1,118000,85,143.4
323.1,118000,8,139.5
323.1,118000,75,131.3
323.1,118000,70,123.6
323.1,118000,65,109.6
381.4,10000,95,159
381.4,10000,90,153.5
381.4,10000,85,141.5
381.4,10000,8,126.7
381.4,40000,85,160
381.4,40000,8,154.3
381.4,40000,75,149
381.4,40000,70,142.1
381.4,40000,65,137.7
381.4,40000,60,131.4
381.4,118000,85,154.9
381.4,118000,8,146.3
381.4,118000,75,137.4
381.4,118000,70,118.6
151.2,10000,90,166.1
151.2,10000,85,161.8
151.2,10000,8,155.9
151.2,10000,75,148.9
151.2,10000,70,139.6
151.2,10000,65,131.6
151.2,40000,90,168.5
151.2,40000,85,168
151.2,40000,8,168
151.2,40000,75,166.8
151.2,40000,70,164.7
151.2,40000,65,161.1
151.2,40000,60,157.8
151.2,40000,55,151
151.2,118000,90,168.1
151.2,118000,85,167.3
151.2,118000,8,165.8
151.2,118000,75,163.1
151.2,118000,70,158.1
151.2,118000,65,152.1
151.2,118000,60,144.8
151.2,118000,55,134.1
151.2,28000,95,172
151.2,28000,90,171.5
151.2,28000,85,169.7
151.2,28000,80,168.8
151.2,28000,75,168.6
151.2,28000,70,167
151.2,28000,65,165.1
151.2,28000,60,163.5
323.1,36700,95,151.2
323.1,36700,90,150.5
323.1,36700,85,149.1
323.1,36700,80,146.7
323.1,36700,75,143.9
323.1,36700,70,140.2
381.4,38200,95,163.8
381.4,38200,90,162.8
381.4,38200,85,161.1
381.4,38200,80,158.3
381.4,38200,75,154.5
381.4,38200,70,150.1
381.4,38200,65,148.3
357.8,56700,95,161.8
357.8,56700,90,160.8
357.8,56700,85,159.4
357.8,56700,80,156.9
357.8,56700,75,152.3
357.8,56700,70,147.3
357.8,56700,65,140.5
357.8,56700,60,132.4
384.3,10000,95,141.5
384.3,10000,90,140.5
384.3,10000,85,139.2
384.3,10000,80,137.3
384.3,10000,75,134.9
384.3,10000,70,132
182.2,8000,22.2,128.8
182.2,8000,32.6,146
182.2,8000,43.3,155.9
182.2,8000,53.2,160.9
182.2,8000,63.1,163.3
182.2,8000,82.1,165.2
182.2,8000,100,166.4
357.8,57500,41.2,108.7
357.8,57500,51.1,116
357.8,57500,61.4,129.4
357.8,57500,71,144
357.8,57500,80.8,153.6
357.8,57500,100,160.9
346.3,57500,25.8,122.1
346.3,57500,30.9,126.6
346.3,57500,41.2,137.3
346.3,57500,51.1,150.2
346.3,57500,61.1,160.3
346.3,57500,100,172.1
